{
   "AllObject": 3,
   "SetObjects": [
      {
         "filepath": "data/MODEL/STAGEOBJ/haikei.x",
         "idx": 0,
         "pos": [
            2583.989990234375,
            528.0,
            500.0
         ],
         "rot": [
            0.0,
            0.0,
            0.0
         ],
         "scale": [
            1.0,
            1.0,
            1.0
         ]
      },
      {
         "filepath": "data/MODEL/STAGEOBJ/haikei.x",
         "idx": 1,
         "pos": [
            545.4500122070313,
            526.0,
            500.0
         ],
         "rot": [
            0.0,
            0.0,
            0.0
         ],
         "scale": [
            1.0,
            1.0,
            1.0
         ]
      },
      {
         "filepath": "data/MODEL/STAGEOBJ/haikei.x",
         "idx": 2,
         "pos": [
            4649.8701171875,
            526.0,
            500.0
         ],
         "rot": [
            0.0,
            0.0,
            0.0
         ],
         "scale": [
            1.0,
            1.0,
            1.0
         ]
      }
   ]
}
